id,glasses
1,0
2,1
3,1
4,0
5,0
6,1
7,1
8,1
9,0
10,1
11,0
12,1
13,0
14,1
15,1
16,0
17,1
18,0
19,1
20,0
21,0
22,0
23,1
24,0
25,1
26,0
27,1
28,1
29,0
30,0
31,0
32,1
33,1
34,0
35,1
36,1
37,0
38,0
39,0
40,0
41,1
42,1
43,1
44,0
45,0
46,1
47,0
48,0
49,0
50,1
51,1
52,0
53,1
54,0
55,1
56,1
57,0
58,0
59,0
60,1
61,1
62,1
63,0
64,0
65,1
66,1
67,0
68,0
69,0
70,1
71,0
72,1
73,1
74,1
75,0
76,1
77,1
78,1
79,1
80,1
81,0
82,1
83,1
84,0
85,1
86,1
87,0
88,1
89,0
90,0
91,0
92,0
93,0
94,1
95,1
96,1
97,1
98,0
99,0
100,1
101,1
102,0
103,1
104,0
105,0
106,0
107,1
108,0
109,1
110,0
111,1
112,1
113,0
114,0
115,0
116,1
117,1
118,0
119,0
120,0
121,1
122,0
123,1
124,1
125,0
126,1
127,1
128,0
129,1
130,1
131,1
132,0
133,1
134,0
135,1
136,1
137,1
138,1
139,0
140,0
141,0
142,1
143,0
144,0
145,1
146,1
147,0
148,1
149,1
150,0
151,0
152,0
153,1
154,0
155,1
156,1
157,0
158,1
159,1
160,0
161,1
162,1
163,1
164,1
165,1
166,1
167,0
168,0
169,0
170,0
171,0
172,0
173,1
174,0
175,1
176,1
177,0
178,1
179,1
180,1
181,0
182,0
183,1
184,1
185,1
186,1
187,1
188,1
189,0
190,1
191,1
192,0
193,0
194,0
195,1
196,0
197,0
198,1
199,0
200,0
201,1
202,0
203,1
204,1
205,1
206,1
207,1
208,1
209,0
210,1
211,1
212,1
213,0
214,1
215,1
216,0
217,0
218,0
219,1
220,1
221,1
222,1
223,0
224,1
225,1
226,0
227,0
228,0
229,1
230,0
231,0
232,1
233,1
234,1
235,1
236,1
237,1
238,1
239,0
240,1
241,1
242,0
243,0
244,1
245,1
246,0
247,1
248,0
249,0
250,0
251,1
252,1
253,1
254,0
255,1
256,1
257,1
258,1
259,0
260,1
261,1
262,1
263,1
264,0
265,1
266,1
267,1
268,1
269,0
270,1
271,1
272,0
273,1
274,1
275,1
276,1
277,0
278,1
279,1
280,0
281,1
282,1
283,1
284,1
285,0
286,1
287,1
288,0
289,0
290,1
291,1
292,1
293,0
294,1
295,1
296,1
297,1
298,0
299,0
300,1
301,0
302,1
303,1
304,0
305,0
306,1
307,0
308,0
309,1
310,0
311,1
312,1
313,0
314,0
315,1
316,1
317,1
318,0
319,0
320,0
321,1
322,0
323,1
324,1
325,0
326,1
327,1
328,0
329,1
330,1
331,1
332,1
333,1
334,1
335,1
336,1
337,0
338,0
339,0
340,0
341,1
342,1
343,1
344,1
345,1
346,0
347,0
348,1
349,1
350,1
351,0
352,1
353,0
354,1
355,0
356,0
357,1
358,1
359,0
360,1
361,1
362,1
363,1
364,1
365,0
366,0
367,1
368,1
369,1
370,1
371,0
372,1
373,1
374,1
375,1
376,1
377,1
378,1
379,0
380,1
381,0
382,1
383,1
384,1
385,1
386,0
387,1
388,1
389,0
390,1
391,0
392,1
393,1
394,1
395,1
396,1
397,1
398,0
399,1
400,0
401,0
402,1
403,1
404,0
405,1
406,1
407,1
408,1
409,0
410,1
411,1
412,0
413,1
414,0
415,0
416,1
417,1
418,0
419,1
420,1
421,0
422,1
423,0
424,0
425,0
426,0
427,1
428,1
429,0
430,1
431,0
432,0
433,1
434,0
435,0
436,0
437,1
438,1
439,0
440,1
441,1
442,0
443,0
444,1
445,0
446,1
447,1
448,1
449,1
450,1
451,0
452,1
453,1
454,1
455,0
456,1
457,1
458,1
459,1
460,1
461,0
462,0
463,1
464,1
465,1
466,0
467,1
468,1
469,1
470,1
471,0
472,1
473,1
474,0
475,1
476,0
477,1
478,0
479,0
480,1
481,0
482,0
483,1
484,1
485,0
486,0
487,0
488,0
489,1
490,1
491,0
492,1
493,0
494,1
495,1
496,0
497,1
498,0
499,0
500,1
501,0
502,1
503,0
504,0
505,0
506,1
507,0
508,1
509,0
510,1
511,1
512,1
513,0
514,1
515,1
516,1
517,1
518,0
519,0
520,1
521,1
522,0
523,0
524,0
525,0
526,0
527,0
528,1
529,1
530,0
531,0
532,1
533,1
534,1
535,1
536,0
537,0
538,0
539,1
540,1
541,0
542,0
543,1
544,0
545,0
546,1
547,1
548,0
549,1
550,0
551,1
552,1
553,1
554,0
555,1
556,0
557,1
558,0
559,1
560,0
561,1
562,1
563,1
564,1
565,0
566,1
567,1
568,1
569,1
570,1
571,1
572,1
573,1
574,0
575,0
576,1
577,1
578,0
579,1
580,1
581,0
582,0
583,0
584,0
585,0
586,0
587,1
588,1
589,0
590,1
591,1
592,0
593,0
594,0
595,0
596,1
597,1
598,0
599,0
600,1
601,0
602,1
603,0
604,1
605,0
606,0
607,0
608,1
609,0
610,0
611,0
612,1
613,0
614,1
615,1
616,1
617,1
618,1
619,1
620,1
621,1
622,0
623,1
624,1
625,0
626,0
627,1
628,1
629,0
630,1
631,1
632,0
633,1
634,1
635,1
636,0
637,0
638,1
639,1
640,1
641,0
642,0
643,0
644,1
645,1
646,0
647,1
648,1
649,1
650,1
651,1
652,1
653,0
654,1
655,0
656,1
657,0
658,1
659,1
660,1
661,1
662,1
663,1
664,1
665,1
666,0
667,1
668,0
669,0
670,0
671,0
672,0
673,0
674,1
675,1
676,1
677,0
678,0
679,1
680,1
681,1
682,0
683,1
684,1
685,0
686,0
687,0
688,1
689,1
690,0
691,1
692,1
693,1
694,1
695,1
696,1
697,0
698,1
699,1
700,0
701,0
702,0
703,1
704,1
705,1
706,0
707,0
708,1
709,0
710,1
711,1
712,1
713,0
714,1
715,0
716,1
717,1
718,0
719,1
720,1
721,1
722,0
723,0
724,0
725,1
726,1
727,1
728,1
729,0
730,1
731,1
732,1
733,0
734,1
735,1
736,0
737,0
738,1
739,1
740,0
741,1
742,0
743,0
744,0
745,1
746,0
747,0
748,0
749,1
750,1
751,1
752,1
753,1
754,0
755,0
756,0
757,0
758,1
759,1
760,0
761,1
762,0
763,0
764,0
765,1
766,1
767,1
768,1
769,1
770,1
771,1
772,1
773,0
774,1
775,1
776,1
777,1
778,0
779,0
780,1
781,1
782,0
783,1
784,1
785,1
786,0
787,0
788,1
789,0
790,1
791,0
792,0
793,1
794,0
795,1
796,1
797,0
798,1
799,1
800,1
801,0
802,1
803,1
804,0
805,1
806,0
807,1
808,1
809,0
810,1
811,0
812,1
813,1
814,1
815,1
816,1
817,0
818,0
819,0
820,0
821,0
822,1
823,0
824,1
825,0
826,0
827,0
828,0
829,1
830,1
831,0
832,1
833,0
834,1
835,0
836,1
837,1
838,1
839,0
840,1
841,0
842,0
843,0
844,1
845,1
846,0
847,1
848,1
849,0
850,0
851,1
852,1
853,0
854,1
855,0
856,0
857,1
858,1
859,0
860,1
861,0
862,0
863,0
864,0
865,0
866,1
867,1
868,1
869,0
870,1
871,0
872,0
873,1
874,1
875,1
876,1
877,1
878,0
879,1
880,1
881,0
882,0
883,1
884,1
885,1
886,1
887,0
888,0
889,1
890,1
891,1
892,0
893,1
894,0
895,0
896,1
897,0
898,1
899,1
900,1
901,1
902,1
903,1
904,1
905,1
906,0
907,1
908,1
909,1
910,0
911,0
912,0
913,0
914,1
915,0
916,0
917,1
918,1
919,1
920,0
921,1
922,1
923,1
924,0
925,1
926,1
927,1
928,0
929,1
930,1
931,0
932,0
933,0
934,1
935,1
936,1
937,1
938,0
939,1
940,0
941,0
942,1
943,1
944,1
945,0
946,1
947,0
948,0
949,0
950,0
951,0
952,1
953,1
954,0
955,1
956,1
957,0
958,1
959,1
960,0
961,1
962,1
963,1
964,1
965,0
966,0
967,1
968,1
969,0
970,1
971,1
972,0
973,1
974,1
975,1
976,0
977,1
978,0
979,1
980,1
981,1
982,1
983,1
984,1
985,1
986,0
987,0
988,1
989,0
990,0
991,0
992,0
993,1
994,1
995,0
996,0
997,1
998,0
999,1
1000,0
1001,1
1002,1
1003,1
1004,0
1005,1
1006,1
1007,0
1008,1
1009,0
1010,0
1011,1
1012,1
1013,1
1014,1
1015,0
1016,0
1017,1
1018,0
1019,0
1020,0
1021,0
1022,0
1023,1
1024,0
1025,0
1026,0
1027,0
1028,0
1029,1
1030,1
1031,1
1032,0
1033,1
1034,1
1035,0
1036,0
1037,0
1038,0
1039,1
1040,1
1041,0
1042,1
1043,0
1044,1
1045,1
1046,1
1047,1
1048,0
1049,1
1050,0
1051,0
1052,1
1053,1
1054,0
1055,0
1056,1
1057,0
1058,0
1059,0
1060,0
1061,1
1062,0
1063,0
1064,1
1065,0
1066,1
1067,0
1068,1
1069,1
1070,1
1071,1
1072,0
1073,0
1074,1
1075,0
1076,1
1077,0
1078,0
1079,0
1080,1
1081,0
1082,1
1083,1
1084,0
1085,0
1086,1
1087,1
1088,1
1089,1
1090,0
1091,1
1092,1
1093,0
1094,0
1095,0
1096,1
1097,1
1098,1
1099,1
1100,1
1101,1
1102,0
1103,0
1104,1
1105,1
1106,0
1107,1
1108,0
1109,1
1110,1
1111,0
1112,1
1113,0
1114,1
1115,1
1116,1
1117,1
1118,0
1119,1
1120,1
1121,0
1122,1
1123,1
1124,1
1125,0
1126,1
1127,0
1128,0
1129,0
1130,1
1131,0
1132,1
1133,0
1134,0
1135,0
1136,0
1137,1
1138,0
1139,1
1140,1
1141,1
1142,0
1143,1
1144,0
1145,0
1146,1
1147,1
1148,0
1149,1
1150,1
1151,1
1152,1
1153,0
1154,1
1155,0
1156,0
1157,0
1158,0
1159,0
1160,0
1161,0
1162,1
1163,1
1164,1
1165,1
1166,1
1167,0
1168,1
1169,1
1170,0
1171,1
1172,0
1173,0
1174,0
1175,1
1176,0
1177,0
1178,0
1179,1
1180,0
1181,1
1182,0
1183,0
1184,1
1185,0
1186,0
1187,1
1188,0
1189,1
1190,0
1191,0
1192,1
1193,1
1194,0
1195,0
1196,0
1197,1
1198,1
1199,1
1200,1
1201,0
1202,1
1203,0
1204,1
1205,1
1206,1
1207,0
1208,1
1209,0
1210,0
1211,0
1212,1
1213,1
1214,1
1215,1
1216,1
1217,0
1218,0
1219,0
1220,0
1221,1
1222,0
1223,1
1224,1
1225,0
1226,1
1227,0
1228,1
1229,1
1230,0
1231,1
1232,1
1233,1
1234,0
1235,0
1236,1
1237,0
1238,0
1239,1
1240,0
1241,1
1242,1
1243,1
1244,1
1245,0
1246,0
1247,0
1248,0
1249,0
1250,1
1251,1
1252,0
1253,0
1254,1
1255,1
1256,1
1257,1
1258,0
1259,0
1260,1
1261,0
1262,1
1263,0
1264,1
1265,1
1266,1
1267,0
1268,0
1269,0
1270,1
1271,0
1272,1
1273,0
1274,1
1275,0
1276,0
1277,1
1278,1
1279,0
1280,1
1281,1
1282,0
1283,0
1284,0
1285,1
1286,0
1287,0
1288,1
1289,1
1290,0
1291,1
1292,1
1293,0
1294,0
1295,0
1296,0
1297,1
1298,0
1299,1
1300,1
1301,0
1302,0
1303,0
1304,0
1305,0
1306,1
1307,0
1308,0
1309,0
1310,1
1311,1
1312,1
1313,1
1314,1
1315,1
1316,1
1317,1
1318,0
1319,0
1320,0
1321,0
1322,1
1323,0
1324,0
1325,1
1326,0
1327,1
1328,0
1329,1
1330,0
1331,0
1332,0
1333,0
1334,1
1335,1
1336,0
1337,1
1338,0
1339,0
1340,1
1341,1
1342,1
1343,0
1344,0
1345,0
1346,1
1347,0
1348,0
1349,0
1350,0
1351,0
1352,1
1353,1
1354,0
1355,1
1356,0
1357,0
1358,1
1359,0
1360,1
1361,0
1362,1
1363,1
1364,0
1365,1
1366,1
1367,0
1368,1
1369,0
1370,0
1371,1
1372,1
1373,1
1374,1
1375,0
1376,1
1377,1
1378,0
1379,1
1380,0
1381,0
1382,1
1383,0
1384,1
1385,0
1386,0
1387,0
1388,0
1389,1
1390,1
1391,1
1392,0
1393,1
1394,1
1395,1
1396,1
1397,1
1398,1
1399,1
1400,0
1401,0
1402,0
1403,1
1404,0
1405,1
1406,1
1407,1
1408,0
1409,1
1410,1
1411,0
1412,0
1413,1
1414,0
1415,1
1416,1
1417,0
1418,1
1419,0
1420,0
1421,1
1422,0
1423,0
1424,1
1425,0
1426,1
1427,0
1428,1
1429,1
1430,0
1431,0
1432,1
1433,1
1434,0
1435,1
1436,1
1437,1
1438,0
1439,1
1440,0
1441,1
1442,1
1443,1
1444,1
1445,0
1446,1
1447,0
1448,0
1449,1
1450,0
1451,1
1452,0
1453,1
1454,1
1455,0
1456,0
1457,1
1458,1
1459,1
1460,1
1461,0
1462,0
1463,1
1464,1
1465,0
1466,1
1467,0
1468,1
1469,1
1470,1
1471,0
1472,1
1473,0
1474,1
1475,0
1476,0
1477,0
1478,1
1479,0
1480,0
1481,0
1482,1
1483,0
1484,0
1485,1
1486,1
1487,1
1488,0
1489,0
1490,1
1491,1
1492,1
1493,0
1494,1
1495,1
1496,1
1497,0
1498,0
1499,1
1500,1
1501,1
1502,1
1503,1
1504,1
1505,1
1506,1
1507,1
1508,0
1509,0
1510,0
1511,1
1512,1
1513,1
1514,0
1515,0
1516,0
1517,0
1518,1
1519,1
1520,0
1521,0
1522,1
1523,0
1524,0
1525,0
1526,0
1527,1
1528,1
1529,1
1530,1
1531,1
1532,0
1533,0
1534,0
1535,1
1536,1
1537,0
1538,1
1539,0
1540,1
1541,1
1542,1
1543,1
1544,1
1545,1
1546,1
1547,1
1548,1
1549,1
1550,0
1551,1
1552,0
1553,1
1554,1
1555,0
1556,1
1557,1
1558,1
1559,1
1560,0
1561,1
1562,0
1563,0
1564,1
1565,0
1566,0
1567,0
1568,0
1569,1
1570,1
1571,0
1572,1
1573,0
1574,1
1575,0
1576,1
1577,0
1578,0
1579,0
1580,0
1581,0
1582,1
1583,0
1584,1
1585,1
1586,0
1587,1
1588,0
1589,1
1590,1
1591,1
1592,1
1593,0
1594,1
1595,0
1596,1
1597,0
1598,1
1599,0
1600,1
1601,1
1602,0
1603,1
1604,0
1605,0
1606,1
1607,1
1608,1
1609,1
1610,0
1611,0
1612,0
1613,0
1614,1
1615,0
1616,0
1617,1
1618,0
1619,1
1620,0
1621,0
1622,1
1623,1
1624,0
1625,1
1626,0
1627,1
1628,0
1629,1
1630,1
1631,0
1632,0
1633,0
1634,1
1635,1
1636,1
1637,1
1638,0
1639,0
1640,1
1641,1
1642,1
1643,0
1644,1
1645,1
1646,0
1647,1
1648,1
1649,1
1650,0
1651,0
1652,1
1653,0
1654,0
1655,1
1656,1
1657,1
1658,1
1659,1
1660,0
1661,1
1662,0
1663,0
1664,1
1665,1
1666,0
1667,1
1668,1
1669,1
1670,0
1671,0
1672,1
1673,1
1674,1
1675,1
1676,1
1677,1
1678,0
1679,1
1680,1
1681,0
1682,1
1683,0
1684,1
1685,1
1686,1
1687,0
1688,1
1689,1
1690,0
1691,0
1692,0
1693,0
1694,0
1695,1
1696,0
1697,1
1698,1
1699,1
1700,1
1701,1
1702,1
1703,1
1704,1
1705,1
1706,1
1707,0
1708,0
1709,1
1710,1
1711,1
1712,1
1713,0
1714,1
1715,0
1716,1
1717,0
1718,1
1719,1
1720,1
1721,0
1722,0
1723,1
1724,0
1725,0
1726,1
1727,1
1728,1
1729,1
1730,1
1731,1
1732,1
1733,1
1734,0
1735,0
1736,0
1737,0
1738,0
1739,1
1740,1
1741,0
1742,1
1743,1
1744,1
1745,0
1746,1
1747,1
1748,1
1749,0
1750,1
1751,1
1752,1
1753,0
1754,1
1755,0
1756,0
1757,0
1758,1
1759,0
1760,1
1761,1
1762,0
1763,0
1764,1
1765,0
1766,0
1767,1
1768,1
1769,1
1770,1
1771,0
1772,1
1773,1
1774,1
1775,1
1776,1
1777,0
1778,0
1779,1
1780,0
1781,1
1782,0
1783,1
1784,0
1785,1
1786,1
1787,1
1788,0
1789,1
1790,0
1791,0
1792,0
1793,0
1794,1
1795,1
1796,0
1797,1
1798,0
1799,0
1800,1
1801,1
1802,1
1803,0
1804,0
1805,0
1806,0
1807,0
1808,0
1809,0
1810,0
1811,0
1812,0
1813,1
1814,1
1815,1
1816,1
1817,0
1818,1
1819,1
1820,1
1821,1
1822,1
1823,1
1824,1
1825,1
1826,0
1827,1
1828,1
1829,0
1830,1
1831,1
1832,0
1833,0
1834,0
1835,0
1836,0
1837,1
1838,0
1839,0
1840,0
1841,1
1842,1
1843,0
1844,0
1845,1
1846,1
1847,1
1848,1
1849,1
1850,0
1851,0
1852,0
1853,1
1854,1
1855,1
1856,0
1857,1
1858,1
1859,0
1860,1
1861,1
1862,0
1863,0
1864,1
1865,0
1866,1
1867,1
1868,1
1869,1
1870,1
1871,1
1872,1
1873,0
1874,1
1875,1
1876,0
1877,1
1878,1
1879,1
1880,0
1881,0
1882,1
1883,0
1884,1
1885,0
1886,1
1887,0
1888,1
1889,1
1890,0
1891,0
1892,1
1893,1
1894,0
1895,1
1896,0
1897,0
1898,1
1899,1
1900,0
1901,1
1902,0
1903,0
1904,1
1905,1
1906,1
1907,0
1908,1
1909,1
1910,1
1911,0
1912,1
1913,1
1914,1
1915,1
1916,1
1917,1
1918,0
1919,0
1920,1
1921,1
1922,0
1923,0
1924,1
1925,1
1926,1
1927,0
1928,1
1929,1
1930,1
1931,0
1932,0
1933,0
1934,1
1935,1
1936,1
1937,1
1938,1
1939,1
1940,1
1941,1
1942,1
1943,0
1944,0
1945,1
1946,0
1947,1
1948,0
1949,1
1950,0
1951,1
1952,0
1953,1
1954,1
1955,0
1956,0
1957,0
1958,1
1959,1
1960,1
1961,0
1962,0
1963,0
1964,1
1965,0
1966,1
1967,1
1968,1
1969,0
1970,0
1971,0
1972,0
1973,1
1974,1
1975,0
1976,1
1977,1
1978,1
1979,1
1980,1
1981,1
1982,1
1983,1
1984,0
1985,1
1986,0
1987,0
1988,1
1989,1
1990,0
1991,1
1992,0
1993,0
1994,0
1995,1
1996,0
1997,1
1998,1
1999,0
2000,0
2001,1
2002,1
2003,1
2004,1
2005,1
2006,1
2007,0
2008,0
2009,1
2010,0
2011,1
2012,0
2013,1
2014,1
2015,0
2016,0
2017,0
2018,0
2019,1
2020,1
2021,1
2022,1
2023,0
2024,0
2025,1
2026,1
2027,0
2028,0
2029,1
2030,0
2031,1
2032,1
2033,1
2034,1
2035,1
2036,0
2037,0
2038,1
2039,1
2040,1
2041,0
2042,0
2043,0
2044,0
2045,1
2046,0
2047,0
2048,0
2049,1
2050,1
2051,0
2052,1
2053,1
2054,0
2055,1
2056,0
2057,0
2058,0
2059,1
2060,0
2061,0
2062,0
2063,1
2064,1
2065,0
2066,0
2067,0
2068,0
2069,0
2070,0
2071,0
2072,1
2073,1
2074,1
2075,1
2076,0
2077,1
2078,0
2079,1
2080,0
2081,1
2082,0
2083,0
2084,0
2085,1
2086,0
2087,0
2088,1
2089,1
2090,1
2091,0
2092,1
2093,0
2094,0
2095,0
2096,1
2097,0
2098,1
2099,0
2100,1
2101,1
2102,0
2103,1
2104,0
2105,0
2106,1
2107,0
2108,0
2109,0
2110,0
2111,0
2112,1
2113,0
2114,0
2115,0
2116,0
2117,1
2118,1
2119,0
2120,1
2121,1
2122,1
2123,1
2124,1
2125,1
2126,0
2127,1
2128,1
2129,0
2130,1
2131,1
2132,1
2133,1
2134,0
2135,1
2136,0
2137,0
2138,1
2139,1
2140,1
2141,1
2142,0
2143,0
2144,0
2145,0
2146,0
2147,1
2148,0
2149,1
2150,1
2151,0
2152,1
2153,0
2154,1
2155,1
2156,1
2157,1
2158,1
2159,1
2160,1
2161,0
2162,1
2163,1
2164,1
2165,0
2166,1
2167,1
2168,1
2169,0
2170,1
2171,0
2172,0
2173,0
2174,1
2175,0
2176,0
2177,0
2178,1
2179,0
2180,1
2181,1
2182,0
2183,0
2184,0
2185,0
2186,1
2187,1
2188,0
2189,1
2190,1
2191,1
2192,1
2193,1
2194,1
2195,0
2196,1
2197,1
2198,0
2199,1
2200,1
2201,1
2202,1
2203,0
2204,0
2205,0
2206,1
2207,1
2208,1
2209,0
2210,1
2211,1
2212,1
2213,1
2214,1
2215,0
2216,0
2217,0
2218,0
2219,0
2220,0
2221,1
2222,1
2223,0
2224,0
2225,1
2226,0
2227,1
2228,0
2229,1
2230,1
2231,0
2232,0
2233,0
2234,0
2235,0
2236,0
2237,0
2238,0
2239,0
2240,1
2241,0
2242,1
2243,0
2244,0
2245,0
2246,0
2247,0
2248,0
2249,0
2250,0
2251,0
2252,0
2253,0
2254,1
2255,0
2256,0
2257,1
2258,1
2259,0
2260,1
2261,1
2262,0
2263,0
2264,1
2265,0
2266,1
2267,0
2268,0
2269,1
2270,0
2271,1
2272,1
2273,0
2274,1
2275,0
2276,1
2277,0
2278,1
2279,1
2280,0
2281,1
2282,1
2283,1
2284,0
2285,0
2286,0
2287,1
2288,1
2289,1
2290,1
2291,1
2292,1
2293,1
2294,1
2295,0
2296,1
2297,0
2298,0
2299,1
2300,1
2301,1
2302,1
2303,1
2304,0
2305,0
2306,0
2307,0
2308,1
2309,0
2310,0
2311,0
2312,1
2313,0
2314,1
2315,0
2316,1
2317,1
2318,0
2319,1
2320,1
2321,1
2322,0
2323,1
2324,1
2325,1
2326,1
2327,0
2328,1
2329,1
2330,1
2331,1
2332,1
2333,1
2334,1
2335,1
2336,0
2337,1
2338,0
2339,1
2340,0
2341,1
2342,1
2343,0
2344,0
2345,1
2346,1
2347,0
2348,0
2349,0
2350,0
2351,1
2352,0
2353,0
2354,0
2355,1
2356,1
2357,1
2358,1
2359,1
2360,1
2361,1
2362,1
2363,0
2364,0
2365,1
2366,0
2367,1
2368,1
2369,1
2370,1
2371,1
2372,0
2373,1
2374,1
2375,1
2376,0
2377,1
2378,1
2379,1
2380,0
2381,0
2382,1
2383,1
2384,0
2385,1
2386,0
2387,1
2388,0
2389,1
2390,1
2391,1
2392,0
2393,0
2394,0
2395,0
2396,0
2397,0
2398,1
2399,1
2400,1
2401,1
2402,0
2403,1
2404,1
2405,1
2406,1
2407,0
2408,1
2409,0
2410,0
2411,1
2412,0
2413,0
2414,1
2415,1
2416,0
2417,0
2418,0
2419,0
2420,1
2421,1
2422,1
2423,1
2424,1
2425,1
2426,1
2427,1
2428,1
2429,0
2430,0
2431,0
2432,1
2433,1
2434,0
2435,0
2436,1
2437,0
2438,1
2439,1
2440,0
2441,0
2442,1
2443,1
2444,0
2445,1
2446,1
2447,1
2448,0
2449,1
2450,0
2451,0
2452,0
2453,0
2454,0
2455,1
2456,1
2457,0
2458,1
2459,1
2460,1
2461,1
2462,0
2463,1
2464,0
2465,0
2466,1
2467,1
2468,0
2469,1
2470,1
2471,0
2472,0
2473,0
2474,1
2475,0
2476,0
2477,0
2478,0
2479,1
2480,1
2481,1
2482,1
2483,1
2484,0
2485,0
2486,0
2487,0
2488,0
2489,1
2490,0
2491,0
2492,1
2493,1
2494,0
2495,1
2496,0
2497,1
2498,0
2499,0
2500,1
2501,1
2502,1
2503,1
2504,1
2505,0
2506,1
2507,0
2508,0
2509,0
2510,0
2511,0
2512,1
2513,1
2514,0
2515,1
2516,1
2517,1
2518,0
2519,1
2520,0
2521,0
2522,1
2523,1
2524,1
2525,0
2526,0
2527,0
2528,0
2529,0
2530,0
2531,0
2532,1
2533,0
2534,0
2535,1
2536,0
2537,1
2538,1
2539,1
2540,0
2541,0
2542,1
2543,0
2544,1
2545,0
2546,1
2547,0
2548,0
2549,1
2550,1
2551,0
2552,1
2553,0
2554,1
2555,0
2556,0
2557,1
2558,0
2559,0
2560,1
2561,1
2562,0
2563,0
2564,1
2565,0
2566,0
2567,0
2568,1
2569,0
2570,1
2571,1
2572,0
2573,0
2574,1
2575,1
2576,1
2577,0
2578,1
2579,0
2580,0
2581,0
2582,1
2583,1
2584,0
2585,1
2586,1
2587,1
2588,0
2589,1
2590,1
2591,0
2592,1
2593,0
2594,1
2595,1
2596,1
2597,1
2598,1
2599,1
2600,1
2601,0
2602,0
2603,0
2604,0
2605,1
2606,0
2607,0
2608,0
2609,1
2610,1
2611,0
2612,1
2613,1
2614,1
2615,0
2616,1
2617,1
2618,1
2619,0
2620,1
2621,0
2622,1
2623,0
2624,0
2625,1
2626,1
2627,1
2628,1
2629,0
2630,1
2631,1
2632,0
2633,0
2634,0
2635,1
2636,0
2637,0
2638,0
2639,1
2640,1
2641,0
2642,1
2643,1
2644,1
2645,1
2646,1
2647,0
2648,0
2649,1
2650,0
2651,0
2652,1
2653,1
2654,1
2655,0
2656,1
2657,1
2658,0
2659,1
2660,1
2661,0
2662,1
2663,0
2664,1
2665,1
2666,1
2667,1
2668,1
2669,0
2670,1
2671,1
2672,0
2673,0
2674,1
2675,0
2676,0
2677,0
2678,0
2679,1
2680,0
2681,0
2682,0
2683,1
2684,1
2685,0
2686,1
2687,1
2688,1
2689,0
2690,0
2691,0
2692,1
2693,1
2694,1
2695,1
2696,0
2697,0
2698,0
2699,0
2700,1
2701,1
2702,0
2703,0
2704,1
2705,0
2706,1
2707,1
2708,1
2709,1
2710,1
2711,1
2712,1
2713,0
2714,0
2715,0
2716,0
2717,1
2718,0
2719,0
2720,1
2721,0
2722,0
2723,1
2724,0
2725,0
2726,0
2727,1
2728,1
2729,1
2730,1
2731,1
2732,1
2733,1
2734,1
2735,0
2736,0
2737,1
2738,0
2739,0
2740,0
2741,1
2742,1
2743,1
2744,0
2745,1
2746,0
2747,1
2748,1
2749,0
2750,1
2751,0
2752,1
2753,0
2754,1
2755,0
2756,1
2757,0
2758,0
2759,0
2760,0
2761,0
2762,1
2763,0
2764,1
2765,1
2766,1
2767,1
2768,0
2769,0
2770,1
2771,0
2772,0
2773,1
2774,1
2775,1
2776,1
2777,1
2778,1
2779,0
2780,1
2781,1
2782,1
2783,0
2784,0
2785,0
2786,0
2787,1
2788,1
2789,1
2790,1
2791,0
2792,0
2793,1
2794,1
2795,1
2796,1
2797,1
2798,0
2799,1
2800,1
2801,0
2802,0
2803,0
2804,0
2805,1
2806,0
2807,1
2808,1
2809,0
2810,1
2811,1
2812,1
2813,1
2814,1
2815,1
2816,0
2817,1
2818,1
2819,1
2820,0
2821,0
2822,1
2823,1
2824,0
2825,0
2826,0
2827,0
2828,0
2829,0
2830,0
2831,1
2832,1
2833,1
2834,1
2835,1
2836,0
2837,1
2838,1
2839,1
2840,1
2841,0
2842,1
2843,0
2844,1
2845,1
2846,1
2847,0
2848,1
2849,1
2850,1
2851,1
2852,0
2853,0
2854,1
2855,1
2856,0
2857,0
2858,0
2859,1
2860,0
2861,0
2862,0
2863,0
2864,1
2865,0
2866,1
2867,1
2868,0
2869,0
2870,0
2871,0
2872,1
2873,1
2874,0
2875,0
2876,1
2877,0
2878,0
2879,0
2880,0
2881,0
2882,1
2883,0
2884,1
2885,0
2886,0
2887,1
2888,1
2889,1
2890,1
2891,1
2892,1
2893,1
2894,1
2895,0
2896,0
2897,1
2898,1
2899,1
2900,0
2901,0
2902,1
2903,1
2904,0
2905,1
2906,0
2907,0
2908,1
2909,0
2910,1
2911,1
2912,1
2913,0
2914,0
2915,1
2916,0
2917,0
2918,0
2919,1
2920,1
2921,1
2922,1
2923,1
2924,1
2925,1
2926,1
2927,0
2928,0
2929,0
2930,1
2931,1
2932,1
2933,0
2934,0
2935,0
2936,1
2937,0
2938,1
2939,1
2940,0
2941,1
2942,1
2943,0
2944,1
2945,0
2946,1
2947,0
2948,1
2949,1
2950,1
2951,1
2952,1
2953,0
2954,1
2955,1
2956,1
2957,1
2958,0
2959,0
2960,0
2961,1
2962,1
2963,1
2964,1
2965,1
2966,1
2967,0
2968,0
2969,1
2970,1
2971,0
2972,1
2973,0
2974,0
2975,0
2976,1
2977,0
2978,0
2979,0
2980,0
2981,1
2982,0
2983,1
2984,1
2985,0
2986,1
2987,1
2988,0
2989,1
2990,1
2991,0
2992,0
2993,1
2994,1
2995,0
2996,0
2997,1
2998,1
2999,0
3000,1
3001,1
3002,1
3003,0
3004,1
3005,0
3006,0
3007,1
3008,1
3009,0
3010,1
3011,1
3012,0
3013,0
3014,1
3015,0
3016,1
3017,0
3018,1
3019,0
3020,0
3021,1
3022,1
3023,0
3024,1
3025,1
3026,0
3027,0
3028,0
3029,1
3030,0
3031,1
3032,1
3033,0
3034,0
3035,1
3036,1
3037,1
3038,0
3039,1
3040,0
3041,1
3042,1
3043,1
3044,1
3045,0
3046,0
3047,0
3048,0
3049,1
3050,0
3051,0
3052,0
3053,0
3054,1
3055,0
3056,1
3057,0
3058,0
3059,0
3060,1
3061,1
3062,1
3063,0
3064,1
3065,1
3066,1
3067,0
3068,0
3069,1
3070,0
3071,0
3072,0
3073,0
3074,1
3075,1
3076,1
3077,1
3078,1
3079,1
3080,1
3081,1
3082,1
3083,0
3084,0
3085,0
3086,0
3087,1
3088,0
3089,0
3090,0
3091,0
3092,1
3093,1
3094,0
3095,0
3096,1
3097,1
3098,0
3099,1
3100,1
3101,0
3102,0
3103,0
3104,0
3105,0
3106,0
3107,0
3108,0
3109,1
3110,1
3111,0
3112,1
3113,0
3114,0
3115,1
3116,1
3117,0
3118,0
3119,0
3120,1
3121,0
3122,1
3123,0
3124,0
3125,0
3126,0
3127,0
3128,0
3129,1
3130,1
3131,1
3132,1
3133,1
3134,1
3135,0
3136,0
3137,1
3138,1
3139,0
3140,1
3141,1
3142,0
3143,1
3144,0
3145,1
3146,1
3147,1
3148,0
3149,1
3150,1
3151,0
3152,1
3153,0
3154,1
3155,1
3156,0
3157,0
3158,1
3159,1
3160,1
3161,1
3162,1
3163,0
3164,0
3165,0
3166,0
3167,1
3168,0
3169,0
3170,1
3171,0
3172,0
3173,0
3174,1
3175,1
3176,0
3177,0
3178,0
3179,0
3180,1
3181,1
3182,1
3183,0
3184,1
3185,1
3186,0
3187,0
3188,1
3189,1
3190,0
3191,0
3192,0
3193,1
3194,0
3195,1
3196,1
3197,1
3198,1
3199,1
3200,1
3201,1
3202,1
3203,1
3204,1
3205,1
3206,1
3207,1
3208,0
3209,0
3210,1
3211,0
3212,0
3213,0
3214,0
3215,1
3216,0
3217,1
3218,0
3219,1
3220,1
3221,0
3222,0
3223,0
3224,1
3225,1
3226,1
3227,1
3228,1
3229,0
3230,1
3231,1
3232,0
3233,1
3234,0
3235,1
3236,1
3237,1
3238,0
3239,0
3240,0
3241,1
3242,0
3243,1
3244,0
3245,0
3246,1
3247,1
3248,1
3249,0
3250,1
3251,0
3252,0
3253,0
3254,1
3255,0
3256,0
3257,1
3258,1
3259,1
3260,1
3261,0
3262,0
3263,1
3264,1
3265,0
3266,1
3267,1
3268,1
3269,0
3270,1
3271,1
3272,0
3273,0
3274,0
3275,0
3276,0
3277,0
3278,1
3279,1
3280,0
3281,0
3282,0
3283,1
3284,1
3285,1
3286,1
3287,1
3288,0
3289,0
3290,0
3291,1
3292,1
3293,0
3294,1
3295,0
3296,0
3297,1
3298,0
3299,0
3300,0
3301,1
3302,0
3303,1
3304,1
3305,0
3306,1
3307,1
3308,1
3309,0
3310,1
3311,0
3312,1
3313,0
3314,0
3315,0
3316,1
3317,0
3318,1
3319,0
3320,1
3321,0
3322,1
3323,0
3324,0
3325,1
3326,0
3327,1
3328,1
3329,0
3330,1
3331,0
3332,0
3333,1
3334,0
3335,0
3336,1
3337,0
3338,1
3339,0
3340,0
3341,0
3342,1
3343,1
3344,1
3345,1
3346,1
3347,0
3348,0
3349,0
3350,0
3351,0
3352,0
3353,0
3354,1
3355,1
3356,1
3357,1
3358,1
3359,1
3360,1
3361,0
3362,1
3363,0
3364,0
3365,1
3366,0
3367,1
3368,0
3369,0
3370,0
3371,1
3372,0
3373,0
3374,1
3375,0
3376,0
3377,1
3378,1
3379,0
3380,1
3381,0
3382,1
3383,0
3384,0
3385,1
3386,0
3387,1
3388,1
3389,1
3390,1
3391,1
3392,0
3393,1
3394,0
3395,1
3396,0
3397,1
3398,0
3399,1
3400,0
3401,1
3402,1
3403,0
3404,1
3405,1
3406,1
3407,1
3408,0
3409,0
3410,1
3411,0
3412,0
3413,1
3414,1
3415,0
3416,1
3417,1
3418,1
3419,0
3420,1
3421,0
3422,0
3423,0
3424,0
3425,0
3426,0
3427,1
3428,1
3429,1
3430,1
3431,0
3432,1
3433,1
3434,1
3435,1
3436,0
3437,1
3438,1
3439,1
3440,0
3441,1
3442,1
3443,0
3444,0
3445,1
3446,1
3447,0
3448,1
3449,0
3450,0
3451,1
3452,0
3453,1
3454,0
3455,0
3456,1
3457,0
3458,0
3459,1
3460,0
3461,0
3462,1
3463,1
3464,0
3465,0
3466,0
3467,1
3468,1
3469,0
3470,0
3471,0
3472,0
3473,1
3474,0
3475,1
3476,1
3477,1
3478,0
3479,0
3480,0
3481,0
3482,0
3483,0
3484,1
3485,1
3486,1
3487,1
3488,1
3489,0
3490,1
3491,0
3492,0
3493,1
3494,1
3495,0
3496,0
3497,0
3498,1
3499,0
3500,0
3501,0
3502,1
3503,1
3504,1
3505,1
3506,1
3507,1
3508,1
3509,0
3510,1
3511,1
3512,0
3513,1
3514,1
3515,1
3516,1
3517,0
3518,0
3519,0
3520,1
3521,1
3522,1
3523,0
3524,0
3525,1
3526,0
3527,0
3528,0
3529,0
3530,0
3531,1
3532,1
3533,0
3534,1
3535,0
3536,1
3537,1
3538,0
3539,1
3540,1
3541,0
3542,0
3543,1
3544,1
3545,0
3546,1
3547,1
3548,1
3549,1
3550,1
3551,0
3552,0
3553,0
3554,1
3555,0
3556,0
3557,1
3558,1
3559,0
3560,1
3561,1
3562,1
3563,1
3564,0
3565,1
3566,0
3567,0
3568,1
3569,0
3570,1
3571,0
3572,1
3573,1
3574,1
3575,1
3576,1
3577,1
3578,1
3579,1
3580,1
3581,1
3582,0
3583,0
3584,1
3585,0
3586,0
3587,0
3588,0
3589,0
3590,0
3591,1
3592,0
3593,1
3594,1
3595,1
3596,1
3597,1
3598,0
3599,1
3600,1
3601,1
3602,1
3603,0
3604,0
3605,1
3606,1
3607,1
3608,0
3609,0
3610,0
3611,0
3612,1
3613,0
3614,0
3615,0
3616,1
3617,1
3618,1
3619,1
3620,1
3621,1
3622,0
3623,1
3624,0
3625,1
3626,1
3627,0
3628,1
3629,0
3630,0
3631,0
3632,1
3633,1
3634,0
3635,1
3636,1
3637,1
3638,1
3639,1
3640,0
3641,1
3642,0
3643,1
3644,0
3645,0
3646,1
3647,1
3648,1
3649,0
3650,1
3651,0
3652,0
3653,0
3654,0
3655,1
3656,0
3657,1
3658,1
3659,1
3660,0
3661,0
3662,0
3663,0
3664,0
3665,0
3666,1
3667,0
3668,1
3669,1
3670,0
3671,1
3672,1
3673,1
3674,1
3675,1
3676,1
3677,0
3678,0
3679,0
3680,1
3681,0
3682,0
3683,0
3684,0
3685,0
3686,0
3687,0
3688,0
3689,0
3690,1
3691,1
3692,0
3693,1
3694,0
3695,0
3696,1
3697,0
3698,1
3699,0
3700,1
3701,1
3702,1
3703,0
3704,0
3705,1
3706,1
3707,1
3708,0
3709,1
3710,1
3711,1
3712,0
3713,0
3714,1
3715,1
3716,1
3717,0
3718,0
3719,1
3720,0
3721,1
3722,1
3723,1
3724,1
3725,1
3726,1
3727,0
3728,1
3729,1
3730,1
3731,0
3732,1
3733,1
3734,0
3735,0
3736,1
3737,1
3738,1
3739,0
3740,0
3741,1
3742,1
3743,0
3744,1
3745,1
3746,0
3747,0
3748,1
3749,1
3750,0
3751,1
3752,1
3753,1
3754,1
3755,0
3756,1
3757,1
3758,1
3759,1
3760,1
3761,0
3762,1
3763,0
3764,1
3765,1
3766,1
3767,0
3768,0
3769,1
3770,1
3771,0
3772,1
3773,0
3774,0
3775,1
3776,0
3777,1
3778,1
3779,1
3780,1
3781,1
3782,1
3783,1
3784,1
3785,0
3786,1
3787,0
3788,1
3789,0
3790,0
3791,0
3792,1
3793,0
3794,1
3795,0
3796,0
3797,1
3798,0
3799,1
3800,0
3801,1
3802,1
3803,0
3804,0
3805,1
3806,1
3807,1
3808,0
3809,0
3810,0
3811,0
3812,1
3813,1
3814,0
3815,0
3816,0
3817,1
3818,0
3819,0
3820,0
3821,1
3822,1
3823,1
3824,0
3825,1
3826,1
3827,0
3828,0
3829,1
3830,1
3831,1
3832,1
3833,0
3834,0
3835,1
3836,1
3837,1
3838,1
3839,1
3840,1
3841,1
3842,0
3843,0
3844,1
3845,0
3846,0
3847,0
3848,0
3849,0
3850,0
3851,0
3852,1
3853,1
3854,1
3855,1
3856,1
3857,1
3858,0
3859,1
3860,1
3861,1
3862,0
3863,1
3864,0
3865,1
3866,1
3867,1
3868,0
3869,1
3870,1
3871,0
3872,0
3873,1
3874,1
3875,0
3876,1
3877,0
3878,0
3879,1
3880,0
3881,1
3882,1
3883,1
3884,0
3885,1
3886,0
3887,0
3888,0
3889,1
3890,1
3891,1
3892,0
3893,0
3894,0
3895,1
3896,0
3897,1
3898,0
3899,1
3900,0
3901,0
3902,1
3903,1
3904,1
3905,1
3906,1
3907,0
3908,0
3909,1
3910,1
3911,1
3912,1
3913,1
3914,1
3915,1
3916,0
3917,1
3918,1
3919,1
3920,1
3921,0
3922,1
3923,1
3924,1
3925,1
3926,0
3927,0
3928,0
3929,0
3930,1
3931,1
3932,0
3933,1
3934,1
3935,1
3936,1
3937,0
3938,1
3939,1
3940,0
3941,0
3942,1
3943,1
3944,1
3945,0
3946,0
3947,1
3948,0
3949,1
3950,1
3951,1
3952,0
3953,1
3954,1
3955,1
3956,0
3957,1
3958,0
3959,0
3960,1
3961,1
3962,1
3963,1
3964,1
3965,1
3966,1
3967,0
3968,1
3969,1
3970,0
3971,0
3972,1
3973,1
3974,0
3975,1
3976,1
3977,0
3978,0
3979,0
3980,1
3981,1
3982,1
3983,0
3984,0
3985,1
3986,0
3987,0
3988,1
3989,0
3990,0
3991,1
3992,1
3993,1
3994,1
3995,1
3996,1
3997,0
3998,1
3999,1
4000,1
4001,1
4002,1
4003,1
4004,1
4005,0
4006,1
4007,1
4008,1
4009,1
4010,0
4011,1
4012,0
4013,0
4014,1
4015,1
4016,0
4017,0
4018,1
4019,0
4020,1
4021,0
4022,0
4023,0
4024,0
4025,1
4026,1
4027,1
4028,1
4029,0
4030,0
4031,1
4032,0
4033,1
4034,1
4035,1
4036,1
4037,0
4038,1
4039,1
4040,0
4041,1
4042,0
4043,1
4044,1
4045,1
4046,0
4047,1
4048,0
4049,0
4050,0
4051,1
4052,0
4053,0
4054,1
4055,1
4056,1
4057,1
4058,0
4059,0
4060,1
4061,0
4062,0
4063,0
4064,1
4065,1
4066,1
4067,0
4068,0
4069,1
4070,1
4071,1
4072,1
4073,1
4074,1
4075,1
4076,1
4077,1
4078,1
4079,1
4080,0
4081,1
4082,1
4083,1
4084,1
4085,1
4086,1
4087,1
4088,1
4089,0
4090,1
4091,1
4092,1
4093,0
4094,0
4095,1
4096,1
4097,1
4098,0
4099,1
4100,1
4101,1
4102,1
4103,1
4104,1
4105,0
4106,0
4107,1
4108,0
4109,1
4110,1
4111,0
4112,1
4113,1
4114,1
4115,1
4116,0
4117,0
4118,1
4119,0
4120,1
4121,0
4122,0
4123,1
4124,0
4125,1
4126,1
4127,1
4128,1
4129,1
4130,1
4131,1
4132,1
4133,1
4134,1
4135,1
4136,0
4137,1
4138,0
4139,1
4140,1
4141,1
4142,0
4143,0
4144,0
4145,1
4146,0
4147,0
4148,0
4149,1
4150,1
4151,1
4152,0
4153,0
4154,0
4155,1
4156,0
4157,1
4158,0
4159,1
4160,1
4161,0
4162,1
4163,0
4164,1
4165,1
4166,0
4167,1
4168,1
4169,1
4170,0
4171,1
4172,1
4173,1
4174,0
4175,1
4176,0
4177,1
4178,1
4179,0
4180,0
4181,1
4182,0
4183,0
4184,1
4185,1
4186,0
4187,0
4188,1
4189,1
4190,0
4191,0
4192,0
4193,1
4194,0
4195,1
4196,1
4197,0
4198,1
4199,1
4200,0
4201,0
4202,0
4203,0
4204,1
4205,1
4206,1
4207,1
4208,1
4209,0
4210,0
4211,0
4212,1
4213,1
4214,0
4215,1
4216,0
4217,1
4218,0
4219,1
4220,0
4221,1
4222,1
4223,0
4224,1
4225,1
4226,1
4227,1
4228,0
4229,0
4230,1
4231,1
4232,1
4233,1
4234,1
4235,1
4236,1
4237,1
4238,1
4239,0
4240,0
4241,1
4242,1
4243,1
4244,1
4245,0
4246,0
4247,1
4248,0
4249,1
4250,1
4251,1
4252,0
4253,0
4254,0
4255,0
4256,1
4257,1
4258,1
4259,0
4260,0
4261,0
4262,0
4263,1
4264,0
4265,0
4266,1
4267,0
4268,1
4269,1
4270,1
4271,1
4272,1
4273,1
4274,0
4275,0
4276,0
4277,1
4278,0
4279,1
4280,1
4281,1
4282,1
4283,1
4284,1
4285,1
4286,0
4287,0
4288,1
4289,1
4290,0
4291,1
4292,1
4293,1
4294,1
4295,0
4296,0
4297,1
4298,0
4299,0
4300,1
4301,0
4302,0
4303,0
4304,1
4305,1
4306,1
4307,1
4308,1
4309,1
4310,0
4311,1
4312,1
4313,1
4314,1
4315,0
4316,0
4317,1
4318,1
4319,1
4320,1
4321,1
4322,1
4323,1
4324,0
4325,1
4326,0
4327,1
4328,1
4329,1
4330,1
4331,0
4332,0
4333,1
4334,1
4335,1
4336,1
4337,0
4338,0
4339,0
4340,1
4341,1
4342,1
4343,1
4344,0
4345,0
4346,1
4347,0
4348,0
4349,0
4350,1
4351,1
4352,0
4353,0
4354,1
4355,1
4356,1
4357,0
4358,0
4359,1
4360,0
4361,0
4362,0
4363,1
4364,0
4365,0
4366,0
4367,0
4368,1
4369,1
4370,1
4371,1
4372,0
4373,1
4374,0
4375,0
4376,0
4377,0
4378,1
4379,1
4380,1
4381,1
4382,1
4383,0
4384,0
4385,1
4386,1
4387,1
4388,0
4389,1
4390,1
4391,1
4392,1
4393,0
4394,1
4395,1
4396,0
4397,0
4398,0
4399,1
4400,0
4401,0
4402,1
4403,0
4404,0
4405,1
4406,1
4407,1
4408,1
4409,1
4410,1
4411,0
4412,0
4413,1
4414,0
4415,1
4416,1
4417,1
4418,0
4419,1
4420,1
4421,1
4422,1
4423,1
4424,1
4425,1
4426,1
4427,0
4428,1
4429,0
4430,1
4431,1
4432,1
4433,0
4434,1
4435,1
4436,0
4437,1
4438,0
4439,1
4440,1
4441,1
4442,1
4443,0
4444,1
4445,0
4446,1
4447,1
4448,1
4449,1
4450,0
4451,1
4452,0
4453,0
4454,1
4455,0
4456,0
4457,0
4458,1
4459,1
4460,1
4461,0
4462,0
4463,0
4464,0
4465,0
4466,1
4467,1
4468,1
4469,0
4470,0
4471,1
4472,1
4473,0
4474,0
4475,0
4476,0
4477,0
4478,0
4479,0
4480,1
4481,1
4482,1
4483,0
4484,1
4485,0
4486,1
4487,0
4488,0
4489,0
4490,1
4491,0
4492,1
4493,1
4494,1
4495,0
4496,0
4497,0
4498,1
4499,1
4500,0
